word,count
关注,1613
喜欢,1418
啊啊啊,1129
希望,1067
三连,816
感谢,810
游戏,772
com,681
https,661
制作,619
支持,587
BGM,536
三连求,536
求三连,476
这次,469
更新,460
记得,440
的话,437
微博,427
系列,399
世界,394
中国,388
生活,386
www,381
故事,368
谢谢,366
CV,345
点赞,340
最后,338
音乐,334
欢迎,310
很多,306
动画,303
素材,300
一期,298
bilibili,286
一键,281
老师,278
各位,274
终于,269
评论,266
分享,262
观众,255
10,235
收藏,235
拍摄,228
出版,225
多多,224
作品,224
投币,223
还有,221
凉风,218
一次,216
简介,214
开心,204
up,203
观看,201
求三连求,195
公众,193
兄弟,191
继续,190
...,186
快乐,185
为了,183
点个,177
体验,177
下载,176
挑战,175
这么,172
创作,170
部分,169
使用,166
演唱,166
id,166
节目,165
开启,164
正式,163
电影,163
作曲,163
中文,161
到底,161
呜呜,160
这是,159
剪辑,158
配音,157
版本,156
料理,156
老爷,155
原神,155
微信,154
编曲,154
biligame,154
后期,153
发现,151
作词,151
历史,151
需要,151
官方,150
绵羊,148
未来,148
第一次,148
剧情,146
那么,144
活动,144
混音,141
UP,141
detail,139
神话,138
角色,138
20,136
完成,135
bgm,134
不易,133
来自,132
带来,132
转发,132
尝试,132
地址,132
上线,130
全新,129
英雄,129
帮助,128
发布,128
美国,125
歌曲,125
youtube,123
哔哩,123
有点,121
12,119
第二季,119
日文,119
导演,118
素质,118
最近,118
方舟,118
参考,117
粉丝,116
一旦,116
频道,115
简单,114
地方,113
这种,112
两个,112
The,110
枯燥,110
过程,109
点赞过,109
日本,108
努力,108
直接,108
一天,107
全球,106
人生,104
原曲,104
动作,104
设计,104
时代,103
测试,103
机会,103
超级,103
尽力,103
明日,103
一年,101
画面,100
能够,100
成为,100
重要,100
第一,100
合作,100
本篇,100
同学,99
模型,98
告诉,98
来到,98
自制,97
推荐,97
30,97
平台,97
来源,96
MV,96
准备,95
别忘了,95
有些,95
找到,95
下期,95
学习,95
00,95
参考资料,95
原唱,94
11,94
比较,94
弹幕,93
策划,93
人类,92
最大,92
相关,91
参见,90
真实,90
2024,90
玩家,89
网络,89
同时,89
创意,88
Kaze,88
手机,88
期待,88
一种,87
封面,87
一个月,87
每个,87
原创,87
没想到,87
其他,86
可爱,86
出现,86
一场,86
了解,86
第二期,85
团队,85
选择,85
不同,84
第一期,84
链接,84
竟然,83
经历,83
建议,83
首歌,82
有人,82
参与,82
详细,82
遇到,82
鼓励,81
新番,81
另外,80
以后,80
网易,80
场景,80
究竟,80
攻略,80
录制,79
同步,79
2023,79
娱乐,78
精彩,78
人们,78
孩子,78
西游,78
美食,77
出品,77
......,77
生命,77
记录,77
真正,76
主要,76
提供,76
再次,76
几个,75
硬核,75
无数,75
最终,75
永远,75
即将,75
获得,75
2021,74
软件,74
还原,74
15,74
发生,74
2022,74
油管,73
地球,73
只能,73
效果,72
技术,72
舞蹈,71
一点,71
想法,71
无法,71
少年,71
相信,71
一切,70
生物,70
变成,70
投稿,70
翻唱,70
妹子,70
年度,70
感受,69
更好,69
目前,69
辛苦,69
属于,69
加油,69
直播,69
成功,69
嘻嘻,69
完全,68
手书,68
数据,68
日常,68
